{"colsample_bytree": 0.9053338279689438, "learning_rate": 0.04804788810574227, "max_depth": 3, "n_estimators": 1000, "subsample": 0.6590479714730468, "score": 0.1892794604364652}