{"colsample_bytree": 0.7210292335478898, "learning_rate": 0.07245238444769572, "max_depth": 4, "n_estimators": 615, "subsample": 0.6387582601777709, "score": 0.18906397040535977}