{"colsample_bytree": 0.6431091713034829, "learning_rate": 0.06020511261746089, "max_depth": 3, "n_estimators": 803, "subsample": 0.5, "score": 0.19645709777035456}