{"colsample_bytree": 0.859875153926642, "learning_rate": 0.02089469229801169, "max_depth": 6, "n_estimators": 928, "subsample": 0.9701079282465561, "score": 0.1975681930931877}