{"colsample_bytree": 0.5374322250114295, "learning_rate": 0.047601921634666214, "max_depth": 3, "n_estimators": 734, "subsample": 0.5, "score": 0.18056399017993363}